Name,"ID",JFZ,LBB
xiongchunhua,1,-0.44983,0.052702489
xiangyawu,2,-3.1648,0.154040867
huangjianhua,3,2.3229,0.072685782
chengyaoping,4,-1.7825,0.072685782
wenshuitian,5,2.5484,0.065085183
linbai,6,1.1488,0.065819557
huangzhoufei,7,-0.12629,0.08061597
xiechunxin,8,-5.3427,0.050731298
huangrikai,9,-3.4734,0.105599408
liuzhenhan,10,3.1228,0.060855616