Name,"ID",JFZ,LBB
xiongchunhua,1,2.7828,0.052702489
xiangyawu,2,-2.4311,0.154040867
huangjianhua,3,0.50103,0.072685782
chengyaoping,4,-0.17705,0.072685782
wenshuitian,5,1.4719,0.065085183
linbai,6,5.0612,0.065819557
huangzhoufei,7,-0.11322,0.08061597
xiechunxin,8,0.062066,0.050731298
huangrikai,9,-1.8048,0.105599408
liuzhenhan,10,1.3196,0.060855616